Movie Name,Rating,Votes,Duration (minutes)
1. A Complete Unknown,7.4, 59K,141
2. I'm Still Here,7.4, 59K,137
3. Queen of the Ring,7.4, 59K,140
4. The Apprentice,7.4, 59K,122
5. William Tell,7.4, 59K,133
6. Better Man,7.4, 59K,135
7. Saturday Night,7.4, 59K,109
8. Queer,7.4, 59K,137
9. Maria,7.4, 59K,124
10. Reagan,7.4, 59K,141
11. Nr. 24,7.4, 59K,111
12. Bonhoeffer: Pastor. Spy. Assassin.,7.4, 59K,133
13. Unfrosted,7.4, 59K,97
14. The Fire Inside,7.4, 59K,109
15. Ordinary Angels,7.4, 59K,118
16. Back to Black,7.4, 59K,122
17. Young Woman and the Sea,7.4, 59K,129
18. Joy,7.4, 59K,115
19. Faith of Angels,7.4, 59K,98
20. Winner,7.4, 59K,103
21. Audrey's Children,7.4, 59K,110
22. Bob Marley: One Love,7.4, 59K,107
23. Piece by Piece,7.4, 59K,93
24. Cabrini,7.4, 59K,142
25. Rob Peace,7.4, 59K,120
26. Scoop,7.4, 59K,102
27. The Remarkable Life of Ibelin,7.4, 59K,103
28. Being Maria,7.4, 59K,100
29. Midas Man,7.4, 59K,112
30. Monsieur Aznavour,7.4, 59K,133
31. Amaran,7.4, 59K,167
32. Super/Man: The Christopher Reeve Story,7.4, 59K,104
33. One to One: John & Yoko,7.4, 59K,100
34. Maharaj,7.4, 59K,131
35. Harbin,7.4, 59K,108
36. Chhava,7.4, 59K,51
37. Goebbels and the Führer,7.4, 59K,135
"38. From Hilde, with Love",7.4, 59K,125
39. El 47,7.4, 59K,110
40. Boléro,7.4, 59K,120
41. Luther: Never Too Much,7.4, 59K,101
42. Shirley,7.4, 59K,117
43. Race for Glory: Audi vs. Lancia,7.4, 59K,109
44. Papa,7.4, 59K,131
45. Ravens,7.4, 59K,117
46. Niki,7.4, 59K,98
47. Cookster: The Darkest Days,7.4, 59K,119
48. Amar Singh Chamkila,7.4, 59K,145
49. Avicii - I'm Tim,7.4, 59K,95
50. Freedom,7.4, 59K,110
51. Srikanth,7.4, 59K,134
52. Liza: A Truly Terrific Absolutely True Story,7.4, 59K,104
53. The Firing Squad,7.4, 59K,93
54. The Ballad of Davy Crockett,7.4, 59K,96
55. Elton John: Never Too Late,7.4, 59K,102
56. Limonov: The Ballad of Eddie,7.4, 59K,138
57. Now or Never!,7.4, 59K,N/A
58. Biggest Heist Ever,7.4, 59K,85
59. Pavements,7.4, 59K,128
60. Quisling: The Final Days,7.4, 59K,146
61. Music by John Williams,7.4, 59K,105
62. Saint-Exupéry,7.4, 59K,98
63. Chandu Champion,7.4, 59K,142
64. Riefenstahl,7.4, 59K,115
65. Jim Henson: Idea Man,7.4, 59K,111
66. The Bibi Files,7.4, 59K,115
67. Prodigieuses,7.4, 59K,101
68. Drazen,7.4, 59K,100
69. Atatürk II: 1881-1919,7.4, 59K,141
70. Maidaan,7.4, 59K,181
71. The Shamrock Spitfire,7.4, 59K,108
72. Gundi: Legend of Love,7.4, 59K,166
73. I Am: Celine Dion,7.4, 59K,103
74. ZEF: The Story of Die Antwoord,7.4, 59K,90
"75. Sarah Bernhardt, la divine",7.4, 59K,98
76. Becoming Hitchcock: The Legacy of Blackmail,7.4, 59K,72
77. The Beach Boys,7.4, 59K,113
78. Spyral,7.4, 59K,83
79. The Great Ambition,7.4, 59K,123
80. Never Look Away,7.4, 59K,85
81. John Cranko,7.4, 59K,133
82. Samia,7.4, 59K,102
"83. Disco, Ibiza, Locomia",7.4, 59K,104
84. The Sidemen Story,7.4, 59K,99
85. Stelios,7.4, 59K,132
86. Beautiful Rebel,7.4, 59K,112
87. Oxana,7.4, 59K,103
88. Becoming Madonna,7.4, 59K,91
89. La casa,7.4, 59K,83
90. Faye,7.4, 59K,91
91. The Truth vs. Alex Jones,7.4, 59K,121
92. Janis Ian: Breaking Silence,7.4, 59K,114
93. Diddy: Summit to Plummet,7.4, 59K,60
94. Federer: Twelve Final Days,7.4, 59K,88
95. The Life and Deaths of Christopher Lee,7.4, 59K,99
96. Simona Kossak,7.4, 59K,100
"97. Enescu, Skinned Alive",7.4, 59K,N/A
98. Nahir,7.4, 59K,122
99. Blue Road: The Edna O'Brien Story,7.4, 59K,99
100. Swatantrya Veer Savarkar,7.4, 59K,176
101. A Bronx Tale: The Original One Man Show,7.4, 59K,N/A
102. National Theatre Live: Nye,7.4, 59K,160
103. Greenwood Rising: The Rise of Black Wall Street,7.4, 59K,N/A
104. Vindication Swim,7.4, 59K,98
105. Havnaa,7.4, 59K,110
106. Road Diary: Bruce Springsteen and the E Street Band,7.4, 59K,99
107. La Grande,7.4, 59K,95
108. Ol' Dirty Bastard: A Tale of Two Dirtys,7.4, 59K,N/A
109. Lula,7.4, 59K,90
110. Silvio,7.4, 59K,114
111. Chhatrapati Sambhaji,7.4, 59K,186
112. Laura,7.4, 59K,104
113. Bogart: Life Comes in Flashes,7.4, 59K,99
114. From Roger Moore with Love,7.4, 59K,79
115. Tears of Cem Karaca,7.4, 59K,123
116. Miséria,7.4, 59K,99
117. Fanon,7.4, 59K,132
118. Sabbath Queen,7.4, 59K,105
119. The Peanut Man,7.4, 59K,N/A
120. House of Ga'a,7.4, 59K,119
121. Patrice: The Movie,7.4, 59K,102
122. Nedelja,7.4, 59K,130
123. Karina,7.4, 59K,91
124. Klitschko: More Than a Fight,7.4, 59K,96
125. Kulej. Dwie strony medalu,7.4, 59K,148
"126. Carville: Winning Is Everything, Stupid",7.4, 59K,98
127. Marcella,7.4, 59K,97
128. Saint Nick of Bethlehem,7.4, 59K,93
129. Ennio Doris - C'è anche domani,7.4, 59K,90
130. Levoton Tuhkimo,7.4, 59K,88
131. Funmilayo Ransome-Kuti,7.4, 59K,91
132. The Man Who Loved UFOs,7.4, 59K,107
133. Bir Cumhuriyet Sarkisi,7.4, 59K,128
134. Glenn Fredly: The Movie,7.4, 59K,121
135. Madu,7.4, 59K,100
136. Hayatla Baris,7.4, 59K,125
137. Münter & Kandinsky,7.4, 59K,126
138. Joachim and the Apocalypse,7.4, 59K,90
139. Hola Frida,7.4, 59K,82
140. Estimados Señores,7.4, 59K,N/A
141. Ae Watan Mere Watan,7.4, 59K,133
142. Obraz,7.4, 59K,95
143. Yatra 2,7.4, 59K,132
144. Satyashodhak,7.4, 59K,145
145. Stevie Van Zandt: Disciple,7.4, 59K,147
146. Nasty,7.4, 59K,103
147. Go Against the Flow,7.4, 59K,97
"148. Iki Gözüm Ahmet, Sürgün",7.4, 59K,113
149. Diane von Furstenberg: Woman in Charge,7.4, 59K,97
150. God Be with Us,7.4, 59K,90
151. Komandir,7.4, 59K,131
152. Mi Ilustrísimo Amigo,7.4, 59K,80
153. Padatik,7.4, 59K,126
154. Faruk,7.4, 59K,97
155. Wingless,7.4, 59K,110
156. Daytime Revolution,7.4, 59K,108
157. Jenni,7.4, 59K,113
158. Miyazaki: L'Esprit de la Nature,7.4, 59K,84
159. Blood'less' Revolution,7.4, 59K,103
160. Legend of the Lizard,7.4, 59K,N/A
161. Mit einem Tiger schlafen,7.4, 59K,107
162. Inexplicável,7.4, 59K,116
163. Rock Bottom,7.4, 59K,86
164. Vivekam,7.4, 59K,104
165. Sadik Ahmet,7.4, 59K,125
166. Hyper: The Stevie Hyper D Story,7.4, 59K,91
167. Chabuca,7.4, 59K,113
168. Oscar Wilde About America,7.4, 59K,98
169. Memoir Seorang Guru,7.4, 59K,120
170. Taghiev: Oil,7.4, 59K,120
171. Hope of Escape,7.4, 59K,91
172. Main Atal Hoon,7.4, 59K,139
173. Pastor's Kid,7.4, 59K,90
174. Sharon Stone: Survival Instinct,7.4, 59K,52
175. Looking for Simone,7.4, 59K,93
176. The World According to Allee Willis,7.4, 59K,97
177. Bach - Ein Weihnachtswunder,7.4, 59K,89
178. Pod szarym niebem,7.4, 59K,81
179. The Movie Man,7.4, 59K,89
180. You Are Always Right Here,7.4, 59K,N/A
181. Gary,7.4, 59K,91
182. Gold,7.4, 59K,126
183. The Legend of Sudarshan Chakra,7.4, 59K,160
184. Born to Be Wild: The Story of Steppenwolf,7.4, 59K,100
185. Harimau Malaya: The Untold Journey,7.4, 59K,125
186. Raghuveer,7.4, 59K,125
187. The Razor's Edge,7.4, 59K,70
188. Parviz Khan,7.4, 59K,110
189. Dharmaveer 2,7.4, 59K,130
190. Cartas Telepáticas,7.4, 59K,70
191. A Almería de Leone,7.4, 59K,51
192. Suzzanna: The Queen of Black Magic,7.4, 59K,88
193. Butterfly,7.4, 59K,N/A
194. Ruki vverkh!,7.4, 59K,102
195. Ago,7.4, 59K,80
196. Manyam Dheerudu,7.4, 59K,114
197. Padu,7.4, 59K,97
198. MatPat the Movie,7.4, 59K,N/A
199. Fedya. Narodnyy futbolist,7.4, 59K,125
200. Zuckerberg: King of the Metaverse,7.4, 59K,90
201. Der Soldat Monika,7.4, 59K,109
202. Shahid,7.4, 59K,84
203. Dragon Boy,7.4, 59K,23
204. Knockout Blonde: The Kellie Maloney Story,7.4, 59K,90
205. Beethoven's Nine: Ode to Humanity,7.4, 59K,85
206. La herencia de Flora,7.4, 59K,N/A
207. Powstaniec 1863,7.4, 59K,115
208. Not Taken: Origins,7.4, 59K,69
209. The Man Died,7.4, 59K,105
210. Parvin,7.4, 59K,N/A
211. Michael Jackson: Ungloved,7.4, 59K,60
212. La Joia: Bad Gyal,7.4, 59K,92
213. Um Lobo Entre os Cisnes,7.4, 59K,N/A
214. Un hombre libre,7.4, 59K,88
215. 30 to 45,7.4, 59K,118
216. Ett hjärta är alltid rött,7.4, 59K,103
217. Blues Run the Game: The Strange Tale of Jackson C. Frank,7.4, 59K,N/A
218. The Ballad of Suzanne Césaire,7.4, 59K,75
219. Schindler Space Architect,7.4, 59K,93
220. Il était une fois Michel Legrand,7.4, 59K,109
221. Son Sarki: Ahmet'in Türküsü,7.4, 59K,101
222. Shaking It Up: The Life and Times of Liz Carpenter,7.4, 59K,77
"223. Wifredo, el legado de un genio del lente",7.4, 59K,64
224. Who Killed Lawrence of Arabia?,7.4, 59K,100
225. Gummadi Narsaiah Biopic,7.4, 59K,N/A
226. Charmian Clift: Life Burns High,7.4, 59K,80
227. Nonkonform,7.4, 59K,117
228. A nuestros amigos,7.4, 59K,90
229. A dangerous boy,7.4, 59K,90
"230. Marisol, llámame Pepa",7.4, 59K,87
231. COMA,7.4, 59K,80
232. Lulu in Turin,7.4, 59K,76
"233. Jacques Demy, le rose et le noir",7.4, 59K,88
234. Paul Anka: His Way,7.4, 59K,100
235. Yaremchuk: Nezrivniannyi svit krasy,7.4, 59K,92
236. Blake Edwards: A Love Story in 24 Frames,7.4, 59K,N/A
237. Niepewnosc,7.4, 59K,113
238. Maurice And I,7.4, 59K,98
"239. Kati: Eine Kür, die bleibt",7.4, 59K,99
240. The West Sky,7.4, 59K,N/A
241. Between Time and Space: E.S.T.,7.4, 59K,120
242. Concepción,7.4, 59K,N/A
243. The Truth: The Journey Within,7.4, 59K,91
244. Ray of Hope,7.4, 59K,105
245. Golpe a Golpe (Blow by Blow),7.4, 59K,90
246. Boy,7.4, 59K,N/A
247. Main Mulayam Singh Yadav,7.4, 59K,120
248. Zwanzig Jahre an der Peitsche,7.4, 59K,89
249. Lafran,7.4, 59K,99
250. Basketball Jones: The First Chapter,7.4, 59K,N/A
251. The Knowing,7.4, 59K,88
252. Harta Tahta Raisa,7.4, 59K,110
253. The Dumpling Queen,7.4, 59K,N/A
254. Cutting Squares,7.4, 59K,128
255. 9 sekund,7.4, 59K,91
256. L'amore e la gloria - La giovane Deledda,7.4, 59K,105
257. Burkitt,7.4, 59K,73
258. The Blood Brothers,7.4, 59K,94
259. Images of Album,7.4, 59K,N/A
260. Soares é Fixe,7.4, 59K,83
261. Rhythm of a Flower,7.4, 59K,81
262. Romina,7.4, 59K,N/A
263. Song of the Last Lacandon Holy Man,7.4, 59K,67
264. ¿De qué casa eres?,7.4, 59K,72
265. Riv i hjertet,7.4, 59K,107
266. Light Blue,7.4, 59K,N/A
267. Sant Tukaram,7.4, 59K,N/A
268. DCLXVI,7.4, 59K,200
269. Meri Maa Karma,7.4, 59K,N/A
270. The Preacher,7.4, 59K,52
"271. François Truffaut, le scénario de ma vie",7.4, 59K,98
272. La valanga azzurra,7.4, 59K,90
273. Dr. Hedgewar,7.4, 59K,160
274. The Israelites,7.4, 59K,N/A
275. Mini Avengers,7.4, 59K,200
276. The Wellness Warrior,7.4, 59K,45
"277. Dolly Parton: Bigger Hair, Bigger Heart",7.4, 59K,60
278. The Thousand Colours of the Morning,7.4, 59K,68
279. Simply Johanne,7.4, 59K,75
280. All Access to Rossa 25 Shining Years,7.4, 59K,91
281. Il ricercatore,7.4, 59K,71
282. Atín Aya. Retrato del silencio,7.4, 59K,N/A
283. It'll Never Work,7.4, 59K,57
284. Roughneck,7.4, 59K,N/A
285. Waldo,7.4, 59K,104
286. RADA,7.4, 59K,73
287. Im Schatten der Träume,7.4, 59K,90
288. Qajymuqan,7.4, 59K,N/A
289. Janet Jackson: In Control,7.4, 59K,60
"290. Milva, diva per sempre",7.4, 59K,89
"291. Sean Penn, L'enfant terrible de l'Amérique",7.4, 59K,52
292. Rory Gallagher: Calling Card,7.4, 59K,N/A
293. Pensando ad Anna,7.4, 59K,N/A
294. MAGA 1909,7.4, 59K,61
295. Bhanu,7.4, 59K,134
"296. Steven Spielberg, l'homme et l'enfant",7.4, 59K,56
297. Louis Riel or Heaven Touches the Earth,7.4, 59K,N/A
298. Majnoon,7.4, 59K,N/A
299. Livio Garzanti: Il gran viziato - La morale nascosta di un editore formidabile,7.4, 59K,75
300. Illuminate - Monica Vitti - La donna che visse due volte,7.4, 59K,45
301. Beethoven's Nine,7.4, 59K,90
302. O Voo do Crocodilo - O Timor de Ruy Cinatti,7.4, 59K,71
303. Fly by Night,7.4, 59K,N/A
304. La nostra magnifica ossessione - Bernardo Bertolucci e la sua generazione,7.4, 59K,90
305. Sunita,7.4, 59K,N/A
306. Izvan vremena,7.4, 59K,95
307. Insula Fondane (Fondane Island),7.4, 59K,82
308. Don't Ever Stop,7.4, 59K,85
309. Gulag Eros of the Russian Mind,7.4, 59K,56
310. Barnen från Camp Ashraf,7.4, 59K,88
"311. Mary, Marianna, Maria: Ta agnosta ellinika hronia tis Kallas",7.4, 59K,103
"312. Cruel, Usual, Necessary: The Passion of Silvio Narizzano",7.4, 59K,134
313. Mythical Creatures,7.4, 59K,90
314. Mario Verdone: Il critico viaggiatore,7.4, 59K,67
315. No More Trouble - Cosa rimane di una tempesta,7.4, 59K,97
316. I Am Kevin Harvick,7.4, 59K,N/A
317. Nebesko,7.4, 59K,73
318. Clergyman,7.4, 59K,114
319. Queen Elizabeth II: Before the Crown,7.4, 59K,45
320. Roman Kostomarov. Rozhdennyy dvazhdy,7.4, 59K,77
321. Bob Noto - The World's Finest Palate,7.4, 59K,N/A
322. Project Alien Earth,7.4, 59K,N/A
323. Maria,7.4, 59K,60
324. Vincenzo Nibali - Il 7° campione,7.4, 59K,52
325. Carles Sabater. No espereu res de mi,7.4, 59K,75
326. Si dice di me,7.4, 59K,68
327. 87 Candles,7.4, 59K,55
328. La couleur dans les mains,7.4, 59K,86
329. Freak Out: The Joel M. Reed Story,7.4, 59K,70
"330. José Lifante, mi aventura en el cine",7.4, 59K,85
331. Tesouro Natterer,7.4, 59K,84
332. O Homem Crocodilo,7.4, 59K,84
333. The Ballad of John and Yoko,7.4, 59K,101
334. Wole Soyinka Eni Ogun,7.4, 59K,N/A
335. Ouka Leele. El viaje de una estrella,7.4, 59K,60
336. Bad Bunny: Global Takeover,7.4, 59K,60
337. Nollbudget,7.4, 59K,72
338. Reba McEntire: Country Gold,7.4, 59K,60
339. Herman Brood and His Wild Romance,7.4, 59K,N/A
340. Colbert: All Students Can Learn,7.4, 59K,N/A
341. The Artistry of Dean Irby,7.4, 59K,95
342. Eleonora Abbagnato - Una stella che danza,7.4, 59K,N/A
343. Palace Guardians,7.4, 59K,64
344. Me Dicen El Panzer,7.4, 59K,90
345. Italo Svevo. Secret Writing in Trieste,7.4, 59K,61
346. Janani: The Last Stand,7.4, 59K,N/A
347. Ninety Minutes Later,7.4, 59K,88
348. El Chilote: Gloria del Béisbol Dominicano,7.4, 59K,75
349. Hancsovszky,7.4, 59K,N/A
350. Tejaswini (Odia),7.4, 59K,95
351. The Real RFK Jr.,7.4, 59K,N/A
352. Gaspare Spontini Celeste Amore,7.4, 59K,N/A
353. Ibnu Nurwanto - The Wood,7.4, 59K,61
354. Senza volto - Storia di Fabrizio Maiello,7.4, 59K,99
355. Bad Case of the Country Blues: The Linda Martell Story,7.4, 59K,89
356. I am the girl: this is my childhood until I wake up,7.4, 59K,100
357. Toquinho: Encontros e um Violão,7.4, 59K,90
358. O familie aproape perfecta,7.4, 59K,88
359. Frida Khalo Woman Experiences,7.4, 59K,N/A
360. Il criminologo,7.4, 59K,N/A
361. Dad and I: The Legacy of Timothy J. Dunn,7.4, 59K,143
362. La verità è nuda,7.4, 59K,N/A
363. Brev til Håkon Banken,7.4, 59K,80
364. The Swimming Diaries,7.4, 59K,100
365. Ajiniyaz,7.4, 59K,N/A
366. Chaplin et les temps modernes: La voie du silence,7.4, 59K,54
367. I Used to Love a Crackhead,7.4, 59K,N/A
368. The Story of M,7.4, 59K,N/A
369. Que notre joie demeure,7.4, 59K,108
370. Alzheimer mezhdu baba i men,7.4, 59K,51
371. Graciano Rocchigiani - Das Herz eines Boxers,7.4, 59K,123
372. Zielony atrament,7.4, 59K,49
373. She Dances by the Sea,7.4, 59K,107
374. Alyah and the Cove,7.4, 59K,100
375. Italo Calvino nelle città,7.4, 59K,86
"376. Sebastião Leme, o Fotógrafo Inventor",7.4, 59K,80
"377. Lupicinio Rodrigues, Confissões de um Sofredor",7.4, 59K,99
378. A Serena Onda que o Mar me Trouxe,7.4, 59K,73
379. I am the girl 2 and my black belt,7.4, 59K,122
380. Seu Cavalcanti,7.4, 59K,78
381. Domenico Modugno - L'italiano che incantò il mondo,7.4, 59K,N/A
382. The light of Darkness,7.4, 59K,50
383. My Barbara,7.4, 59K,56
384. Kushstock: The Movie,7.4, 59K,N/A
385. The Leader,7.4, 59K,55
386. Veljko od mora,7.4, 59K,53
387. Hamzeh Kassab,7.4, 59K,N/A
"388. Nemere István: addig írok, amíg élek",7.4, 59K,70
389. Giroud,7.4, 59K,N/A
"390. À l'école de l'universel: Germaine Le Goff, l'histoire d'une pionnière",7.4, 59K,53
391. Die Hahnenkammbahn,7.4, 59K,N/A
392. Another Part of Me,7.4, 59K,N/A
393. Citizen Glenn,7.4, 59K,55
394. Dushu,7.4, 59K,96
395. I am the girl 3 me and my girlfriend,7.4, 59K,N/A
396. Samuel: Hollywood vs. Hollywood,7.4, 59K,109
397. Hawala,7.4, 59K,N/A
398. De erfenis van Els Borst,7.4, 59K,N/A
399. Our Place Is Here,7.4, 59K,54
"400. Señor Jazz, la película de Carlos Inzillo",7.4, 59K,82
401. Rinnans rival,7.4, 59K,94
402. YA - Sergey Obraztsov,7.4, 59K,85
403. Complô,7.4, 59K,85
404. Gaston - Last Clown Standing,7.4, 59K,90
405. Tapes of Revolution,7.4, 59K,75
406. Mr Bakhshdar,7.4, 59K,60
407. O Poeta Rei,7.4, 59K,69
408. Born Again: George Whitefield,7.4, 59K,59
409. Norma: rosso sangue,7.4, 59K,N/A
410. Dulcinea,7.4, 59K,N/A
411. Mariko's Dream,7.4, 59K,79
412. Yatra2,7.4, 59K,N/A
413. Ghouroub,7.4, 59K,65
414. Destiny or Will. Marusia,7.4, 59K,N/A
415. Grow Vasu,7.4, 59K,60
416. Luis Terror Días,7.4, 59K,N/A
417. Run It Back: A Home Brew Story,7.4, 59K,68
418. Itinéraire d'un enfant DJ,7.4, 59K,N/A
419. Um Tempo de Todos,7.4, 59K,132
420. Oh Beautiful Grandmother!,7.4, 59K,N/A
421. Interviews with Abdelkrim Baba Aïssa,7.4, 59K,374
422. Zakonczenie 8 Klasy W Szkole Podstawowej W Pamiatkowie,7.4, 59K,N/A
423. La nostra Raffaella,7.4, 59K,85
424. Pellizza pittore da Volpedo,7.4, 59K,75
"425. Antonio Mairena, la raiz del cante",7.4, 59K,N/A
"426. Georges Pompidou, la cruauté du pouvoir",7.4, 59K,104
427. A modo mio - Patty Pravo,7.4, 59K,N/A
428. Nomade che non sono altro,7.4, 59K,N/A
429. Doris Soffel - Mezzosopran Ein Leben im Labyrinth,7.4, 59K,59
430. Beyaz Zenciler: Yapim Asamasi,7.4, 59K,55
431. Giannis Spanos: Piso ap' ti markiza,7.4, 59K,118
432. Mary Pickford's Kiss,7.4, 59K,83
433. Sognare è vivere - La leggenda di Porto Rafael,7.4, 59K,N/A
"434. Love, Blood, & Aztec Demons: The Lost Films of Juan F. Moctezuma II",7.4, 59K,94
435. Victoria para el teatro puertorriqueño,7.4, 59K,N/A
436. Despierta tu alma,7.4, 59K,N/A
437. ¡Qué suerte hemos tenido!,7.4, 59K,62
438. Entre Dois Rios e Outras Noites,7.4, 59K,50
439. Obsessed with Fashion,7.4, 59K,N/A
440. Duilio Cambellotti - Arte senza fine,7.4, 59K,56
441. Neizvestnaya Tsvetaeva,7.4, 59K,N/A
442. Aftografo: Evangelos N. Roussos,7.4, 59K,N/A
443. Colonel Xanthi,7.4, 59K,N/A
444. Gevart,7.4, 59K,34
"445. THE GAP: A Documentary About Where You Are, and Where You Want to Be.",7.4, 59K,96
446. Mi última Gran Montaña,7.4, 59K,N/A
447. Los Chavales de la Morelia,7.4, 59K,40
448. Making Life Sing in Pursuit of Utu: The Micere Githae Mugo Story,7.4, 59K,155
449. Davaj Paradiso,7.4, 59K,63
450. Sefi,7.4, 59K,58
451. Pandit Ayachi,7.4, 59K,64
452. On Air,7.4, 59K,N/A
453. Colita sin filtros,7.4, 59K,58
454. Jestem postacia fikcyjna,7.4, 59K,75
"455. Frédéric Mitterrand, une vie en images",7.4, 59K,50
456. Mera naam ullhas hai part 2 (bachelor),7.4, 59K,60
457. The Life and Death of Orson Greer,7.4, 59K,N/A
458. Samadhi Consciousness Film,7.4, 59K,N/A
459. Maçãs no Escuro,7.4, 59K,108
460. Anssi Mänttäri - Suomielokuvan kummisetä,7.4, 59K,113
"461. Jaime Isidoro: divulgador, colecionador, artista",7.4, 59K,80
